"campionato","campionato_slug","girone","girone_slug","sesso","livello_competizione",,"giornata","gara","data","ora","data_testo","squadra_casa","set_casa","set_ospite","squadra_ospite","risultato","parziali","arbitro","impianto","header_giornata"
"Prima Divisione Femminile","prima_divisione_femminile","Girone A","girone_a","femminile","territoriale",,1,"Gara 1",2025-10-18,06:30:00 PM,"Sab 18/10/2025 18.30","Max Factory - Migliarino Volley",3,0,"Unimech Volley Sei Rose","3-0","25/20 25/23 25/22","I Arbitro: Ago Klevis","PALESTRA S.M. GIACOMO LEOPARDI - VIA DEL CAPANNONE 19 LOC NODICA VECCHIANO - VECCHIANO","Prima Divisione Femminile - Girone A / Giornata 1"
"Prima Divisione Femminile","prima_divisione_femminile","Girone A","girone_a","femminile","territoriale",,1,"Gara 2",2025-10-19,05:30:00 PM,"Dom 19/10/2025 17.30","Volley Peccioli Senior",3,2,"Polisportiva Monteserra","3-2","25/17 25/17 17/25 23/25 15/10","I Arbitro: Meini Luca","PALESTRA SCUOLA MEDIA - VIA SABATINI, 3 - PECCIOLI","Prima Divisione Femminile - Girone A / Giornata 1"
"Prima Divisione Femminile","prima_divisione_femminile","Girone A","girone_a","femminile","territoriale",,1,"Gara 3",2025-10-18,09:00:00 PM,"Sab 18/10/2025 21.00","Ies Mv Tomei Livorno",3,1,"Conad - Volley Project U16","3-1","25/22 12/25 25/18 25/20","I Arbitro: Rossano Domenico","PALESTRA COMANDO VVF - VIA CAMPANIA 25 - LIVORNO","Prima Divisione Femminile - Girone A / Giornata 1"
"Prima Divisione Femminile","prima_divisione_femminile","Girone A","girone_a","femminile","territoriale",,1,"Gara 4",2025-10-16,09:00:00 PM,"Gio 16/10/2025 21.00","New Volley 2019",0,3,"Polisportiva Saline","0-3","18/25 12/25 15/25","I Arbitro: Tartaglione Domenico","PALASPORT VIA MONTALE - VENTURINA TERME - Via Montale 1 - VENTURINA TERME - CAMPIGLIA MARITTIMA","Prima Divisione Femminile - Girone A / Giornata 1"
"Prima Divisione Femminile","prima_divisione_femminile","Girone A","girone_a","femminile","territoriale",,1,"Gara 5",2025-10-23,09:15:00 PM,"Gio 23/10/2025 21.15","Volley Ponsacco",1,3,"Folgore San Miniato","1-3","25/19 25/27 22/25 20/25","I Arbitro: Rossano Domenico","PALESTRA POLIVALENTE - VIA MELEGNANO - PONSACCO","Prima Divisione Femminile - Girone A / Giornata 1"
"Prima Divisione Femminile","prima_divisione_femminile","Girone A","girone_a","femminile","territoriale",,1,"Gara 6",2025-10-18,09:00:00 PM,"Sab 18/10/2025 21.00","Polisportiva Vicarello",2,3,"Bellaria Cappuccini Volley 1d Verde","2-3","20/25 25/18 16/25 26/24 14/16","I Arbitro: Piro Samuel","PALESTRA COMUNALE B. VERENINI - PIAZZA DON MILANI, 5 - COLLESALVETTI","Prima Divisione Femminile - Girone A / Giornata 1"
"Prima Divisione Femminile","prima_divisione_femminile","Girone A","girone_a","femminile","territoriale",,2,"Gara 7",2025-10-25,06:30:00 PM,"Sab 25/10/2025 18.30","Unimech Volley Sei Rose",3,1,"Volley Ponsacco","3-1","18/25 26/24 26/24 25/21","I Arbitro: Piro Samuel","PALAZZETTO DELLO SPORT G. BALESTRI ROSIGNANO - VIA PISACANE, rosigNANO SOLVAY - ROSIGNANO MARITTIMO","Prima Divisione Femminile - Girone A / Giornata 2"
"Prima Divisione Femminile","prima_divisione_femminile","Girone A","girone_a","femminile","territoriale",,2,"Gara 8",2025-10-23,09:30:00 PM,"Gio 23/10/2025 21.30","Polisportiva Monteserra",1,3,"New Volley 2019","1-3","25/14 25/27 17/25 16/25","I Arbitro: Petrucci Mattia","PALASPORT MONTESERRA - Via Eroi dello Spazio - BUTI","Prima Divisione Femminile - Girone A / Giornata 2"
"Prima Divisione Femminile","prima_divisione_femminile","Girone A","girone_a","femminile","territoriale",,2,"Gara 9",2025-10-25,06:30:00 PM,"Sab 25/10/2025 18.30","Bellaria Cappuccini Volley 1d Verde",0,3,"Max Factory - Migliarino Volley","0-3","16/25 22/25 13/25","I Arbitro: Paoli Franco","TENSOSTRUTTURA BELLARIA 2023 - VIALE EUROPA PONTEDERA - PONTEDERA","Prima Divisione Femminile - Girone A / Giornata 2"
"Prima Divisione Femminile","prima_divisione_femminile","Girone A","girone_a","femminile","territoriale",,2,"Gara 10",2025-10-25,06:00:00 PM,"Sab 25/10/2025 18.00","Folgore San Miniato",3,0,"Ies Mv Tomei Livorno","3-0","25/15 25/18 25/14","I Arbitro: D'amico Annalisa","PALESTRA DON VINICIO VIVALDI - piazza don vinicio vivaldi - SAN MINIATO","Prima Divisione Femminile - Girone A / Giornata 2"
"Prima Divisione Femminile","prima_divisione_femminile","Girone A","girone_a","femminile","territoriale",,2,"Gara 11",2025-10-25,06:30:00 PM,"Sab 25/10/2025 18.30","Conad - Volley Project U16",0,3,"Volley Peccioli Senior","0-3","11/25 15/25 15/25","I Arbitro: Rafaniello Gaetano","S.M. DEL CHICCA - VIA DUDLEY, 5 - LIVORNO","Prima Divisione Femminile - Girone A / Giornata 2"
"Prima Divisione Femminile","prima_divisione_femminile","Girone A","girone_a","femminile","territoriale",,2,"Gara 12",2025-10-25,09:00:00 PM,"Sab 25/10/2025 21.00","Polisportiva Saline",3,1,"Polisportiva Vicarello","3-1","17/25 25/19 25/17 25/19","I Arbitro: Rossano Domenico","PALESTRA COMUNALE - via leopardi, 1 saline di volterra - VOLTERRA","Prima Divisione Femminile - Girone A / Giornata 2"
"Prima Divisione Femminile","prima_divisione_femminile","Girone A","girone_a","femminile","territoriale",,3,"Gara 13",2025-11-01,09:00:00 PM,"Sab 01/11/2025 21.00","Volley Ponsacco",2,3,"Volley Peccioli Senior","2-3","17/25 21/25 25/23 25/23 15/17","I Arbitro: Ago Klevis","PALESTRA POLIVALENTE - VIA MELEGNANO - PONSACCO","Prima Divisione Femminile - Girone A / Giornata 3"
"Prima Divisione Femminile","prima_divisione_femminile","Girone A","girone_a","femminile","territoriale",,3,"Gara 14",2025-11-01,09:00:00 PM,"Sab 01/11/2025 21.00","Polisportiva Vicarello",2,3,"Polisportiva Monteserra","2-3","25/18 22/25 25/18 23/25 13/15","I Arbitro: Farnesi Gabriele","PALESTRA COMUNALE B. VERENINI - PIAZZA DON MILANI, 5 - COLLESALVETTI","Prima Divisione Femminile - Girone A / Giornata 3"
"Prima Divisione Femminile","prima_divisione_femminile","Girone A","girone_a","femminile","territoriale",,3,"Gara 15",2025-11-01,06:00:00 PM,"Sab 01/11/2025 18.00","Max Factory - Migliarino Volley",3,0,"Conad - Volley Project U16","3-0","25/13 25/17 25/13","I Arbitro: Toni Paolo","PALESTRA S.M. GIACOMO LEOPARDI - VIA DEL CAPANNONE 19 LOC NODICA VECCHIANO - VECCHIANO","Prima Divisione Femminile - Girone A / Giornata 3"
"Prima Divisione Femminile","prima_divisione_femminile","Girone A","girone_a","femminile","territoriale",,3,"Gara 16",2025-11-01,06:30:00 PM,"Sab 01/11/2025 18.30","Unimech Volley Sei Rose",0,3,"Folgore San Miniato","0-3","23/25 23/25 23/25","I Arbitro: Femia Marika","PALAZZETTO DELLO SPORT G. BALESTRI ROSIGNANO - VIA PISACANE, rosigNANO SOLVAY - ROSIGNANO MARITTIMO","Prima Divisione Femminile - Girone A / Giornata 3"
"Prima Divisione Femminile","prima_divisione_femminile","Girone A","girone_a","femminile","territoriale",,3,"Gara 17",2025-11-01,09:00:00 PM,"Sab 01/11/2025 21.00","Ies Mv Tomei Livorno",0,3,"Polisportiva Saline","0-3","5/25 7/25 17/25","I Arbitro: Fontanabella Enzo","PALESTRA COMANDO VVF - VIA CAMPANIA 25 - LIVORNO","Prima Divisione Femminile - Girone A / Giornata 3"
"Prima Divisione Femminile","prima_divisione_femminile","Girone A","girone_a","femminile","territoriale",,3,"Gara 18",2025-11-01,09:00:00 PM,"Sab 01/11/2025 21.00","New Volley 2019",0,3,"Bellaria Cappuccini Volley 1d Verde","0-3","22/25 23/25 23/25","I Arbitro: Funari Alessio","PALASPORT VIA MONTALE - VENTURINA TERME - Via Montale 1 - VENTURINA TERME - CAMPIGLIA MARITTIMA","Prima Divisione Femminile - Girone A / Giornata 3"
"Prima Divisione Femminile","prima_divisione_femminile","Girone A","girone_a","femminile","territoriale",,4,"Gara 19",2025-11-08,06:30:00 PM,"Sab 08/11/2025 18.30","Volley Peccioli Senior",2,3,"Polisportiva Vicarello","2-3","25/23 20/25 25/18 19/25 5/15","I Arbitro: Paoli Franco","PALESTRA SCUOLA MEDIA - VIA SABATINI, 3 - PECCIOLI","Prima Divisione Femminile - Girone A / Giornata 4"
"Prima Divisione Femminile","prima_divisione_femminile","Girone A","girone_a","femminile","territoriale",,4,"Gara 20",2025-11-06,09:15:00 PM,"Gio 06/11/2025 21.15","Polisportiva Monteserra",3,1,"Volley Ponsacco","3-1","25/16 20/25 25/23 25/13","I Arbitro: Fontanabella Enzo","PALASPORT MONTESERRA - Via Eroi dello Spazio - BUTI","Prima Divisione Femminile - Girone A / Giornata 4"
"Prima Divisione Femminile","prima_divisione_femminile","Girone A","girone_a","femminile","territoriale",,4,"Gara 21",2025-11-08,06:30:00 PM,"Sab 08/11/2025 18.30","Conad - Volley Project U16",0,3,"Unimech Volley Sei Rose","0-3","17/25 10/25 9/25","I Arbitro: Menzel Alessandro","S.M. DEL CHICCA - VIA DUDLEY, 5 - LIVORNO","Prima Divisione Femminile - Girone A / Giornata 4"
"Prima Divisione Femminile","prima_divisione_femminile","Girone A","girone_a","femminile","territoriale",,4,"Gara 22",2025-11-08,09:00:00 PM,"Sab 08/11/2025 21.00","Polisportiva Saline",3,1,"Max Factory - Migliarino Volley","3-1","25/13 26/24 15/25 25/14","I Arbitro: Botrini Davide","PALESTRA COMUNALE - via leopardi, 1 saline di volterra - VOLTERRA","Prima Divisione Femminile - Girone A / Giornata 4"
"Prima Divisione Femminile","prima_divisione_femminile","Girone A","girone_a","femminile","territoriale",,4,"Gara 23",2025-11-08,06:30:00 PM,"Sab 08/11/2025 18.30","Bellaria Cappuccini Volley 1d Verde",3,0,"Ies Mv Tomei Livorno","3-0","25/19 25/12 25/19","I Arbitro: Rossano Domenico","TENSOSTRUTTURA BELLARIA 2023 - VIALE EUROPA PONTEDERA - PONTEDERA","Prima Divisione Femminile - Girone A / Giornata 4"
"Prima Divisione Femminile","prima_divisione_femminile","Girone A","girone_a","femminile","territoriale",,4,"Gara 24",2025-11-08,09:00:00 PM,"Sab 08/11/2025 21.00","New Volley 2019",2,3,"Folgore San Miniato","2-3","25/21 17/25 22/25 25/22 16/18","I Arbitro: Funari Alessio","PALASPORT VIA MONTALE - VENTURINA TERME - Via Montale 1 - VENTURINA TERME - CAMPIGLIA MARITTIMA","Prima Divisione Femminile - Girone A / Giornata 4"
"Prima Divisione Femminile","prima_divisione_femminile","Girone A","girone_a","femminile","territoriale",,5,"Gara 25",2025-11-15,09:00:00 PM,"Sab 15/11/2025 21.00","Volley Ponsacco",0,3,"Polisportiva Vicarello","0-3","21/25 20/25 23/25","I Arbitro: Fontanabella Enzo","PALESTRA POLIVALENTE - VIA MELEGNANO - PONSACCO","Prima Divisione Femminile - Girone A / Giornata 5"
"Prima Divisione Femminile","prima_divisione_femminile","Girone A","girone_a","femminile","territoriale",,5,"Gara 26",2025-11-15,09:00:00 PM,"Sab 15/11/2025 21.00","Volley Peccioli Senior",3,0,"New Volley 2019","3-0","25/22 25/21 25/20","I Arbitro: Petrucci Mattia","PALESTRA SCUOLA MEDIA - VIA SABATINI, 3 - PECCIOLI","Prima Divisione Femminile - Girone A / Giornata 5"
"Prima Divisione Femminile","prima_divisione_femminile","Girone A","girone_a","femminile","territoriale",,5,"Gara 27",2025-11-15,09:00:00 PM,"Sab 15/11/2025 21.00","Ies Mv Tomei Livorno",0,3,"Polisportiva Monteserra","0-3","15/25 19/25 11/25","I Arbitro: Femia Marika","PALESTRA COMANDO VVF - VIA CAMPANIA 25 - LIVORNO","Prima Divisione Femminile - Girone A / Giornata 5"
"Prima Divisione Femminile","prima_divisione_femminile","Girone A","girone_a","femminile","territoriale",,5,"Gara 28",2025-11-15,06:30:00 PM,"Sab 15/11/2025 18.30","Conad - Volley Project U16",0,3,"Bellaria Cappuccini Volley 1d Verde","0-3","9/25 19/25 9/25","I Arbitro: Ago Klevis","S.M. DEL CHICCA - VIA DUDLEY, 5 - LIVORNO","Prima Divisione Femminile - Girone A / Giornata 5"
"Prima Divisione Femminile","prima_divisione_femminile","Girone A","girone_a","femminile","territoriale",,5,"Gara 29",2025-11-15,06:00:00 PM,"Sab 15/11/2025 18.00","Max Factory - Migliarino Volley",3,1,"Folgore San Miniato","3-1","25/15 18/25 25/22 25/19","I Arbitro: Viviani Vittorio","PALESTRA S.M. GIACOMO LEOPARDI - VIA DEL CAPANNONE 19 LOC NODICA VECCHIANO - VECCHIANO","Prima Divisione Femminile - Girone A / Giornata 5"
"Prima Divisione Femminile","prima_divisione_femminile","Girone A","girone_a","femminile","territoriale",,5,"Gara 30",2025-11-15,06:30:00 PM,"Sab 15/11/2025 18.30","Unimech Volley Sei Rose",0,3,"Polisportiva Saline","0-3","20/25 20/25 13/25","I Arbitro: Piro Samuel","PALAZZETTO DELLO SPORT G. BALESTRI ROSIGNANO - VIA PISACANE, rosigNANO SOLVAY - ROSIGNANO MARITTIMO","Prima Divisione Femminile - Girone A / Giornata 5"
"Prima Divisione Femminile","prima_divisione_femminile","Girone A","girone_a","femminile","territoriale",,6,"Gara 31",2025-11-22,09:00:00 PM,"Sab 22/11/2025 21.00","Polisportiva Vicarello",3,0,"New Volley 2019","3-0","25/16 26/24 25/22","I Arbitro: Pezzullo Roberto","PALESTRA COMUNALE B. VERENINI - PIAZZA DON MILANI, 5 - COLLESALVETTI","Prima Divisione Femminile - Girone A / Giornata 6"
"Prima Divisione Femminile","prima_divisione_femminile","Girone A","girone_a","femminile","territoriale",,6,"Gara 32",2025-11-22,06:30:00 PM,"Sab 22/11/2025 18.30","Volley Peccioli Senior",3,0,"Ies Mv Tomei Livorno","3-0","25/5 25/15 25/11","I Arbitro: Toni Paolo","PALESTRA SCUOLA MEDIA - VIA SABATINI, 3 - PECCIOLI","Prima Divisione Femminile - Girone A / Giornata 6"
"Prima Divisione Femminile","prima_divisione_femminile","Girone A","girone_a","femminile","territoriale",,6,"Gara 33",2025-11-20,09:15:00 PM,"Gio 20/11/2025 21.15","Polisportiva Monteserra",3,1,"Max Factory - Migliarino Volley","3-1","26/28 25/18 25/18 25/23","I Arbitro: Rossano Domenico","PALASPORT MONTESERRA - Via Eroi dello Spazio - BUTI","Prima Divisione Femminile - Girone A / Giornata 6"
"Prima Divisione Femminile","prima_divisione_femminile","Girone A","girone_a","femminile","territoriale",,6,"Gara 34",2025-11-22,06:00:00 PM,"Sab 22/11/2025 18.00","Folgore San Miniato",3,0,"Conad - Volley Project U16","3-0","25/12 25/16 28/26","I Arbitro: Paoli Franco","PALESTRA DON VINICIO VIVALDI - piazza don vinicio vivaldi - SAN MINIATO","Prima Divisione Femminile - Girone A / Giornata 6"
"Prima Divisione Femminile","prima_divisione_femminile","Girone A","girone_a","femminile","territoriale",,6,"Gara 35",2025-11-22,06:30:00 PM,"Sab 22/11/2025 18.30","Bellaria Cappuccini Volley 1d Verde",3,1,"Unimech Volley Sei Rose","3-1","25/22 23/25 36/34 25/13","I Arbitro: Fiumara Francesco","TENSOSTRUTTURA BELLARIA 2023 - VIALE EUROPA PONTEDERA - PONTEDERA","Prima Divisione Femminile - Girone A / Giornata 6"
"Prima Divisione Femminile","prima_divisione_femminile","Girone A","girone_a","femminile","territoriale",,6,"Gara 36",2025-11-22,09:00:00 PM,"Sab 22/11/2025 21.00","Polisportiva Saline",3,0,"Volley Ponsacco","3-0","25/22 25/18 25/14","I Arbitro: Rossano Domenico","PALESTRA COMUNALE - via leopardi, 1 saline di volterra - VOLTERRA","Prima Divisione Femminile - Girone A / Giornata 6"
"Prima Divisione Femminile","prima_divisione_femminile","Girone A","girone_a","femminile","territoriale",,7,"Gara 37",2026-02-07,09:00:00 PM,"Sab 07/02/2026 21.00","New Volley 2019",3,1,"Volley Ponsacco","3-1","25/17 25/21 10/25 25/21","I Arbitro: Iodice Andrea","PALASPORT VIA MONTALE - VENTURINA TERME - Via Montale 1 - VENTURINA TERME - CAMPIGLIA MARITTIMA","Prima Divisione Femminile - Girone A / Giornata 7"
"Prima Divisione Femminile","prima_divisione_femminile","Girone A","girone_a","femminile","territoriale",,7,"Gara 38",2025-11-29,06:30:00 PM,"Sab 29/11/2025 18.30","Bellaria Cappuccini Volley 1d Verde",3,2,"Folgore San Miniato","3-2","25/20 25/20 21/25 18/25 15/10","I Arbitro: Ago Klevis","TENSOSTRUTTURA BELLARIA 2023 - VIALE EUROPA PONTEDERA - PONTEDERA","Prima Divisione Femminile - Girone A / Giornata 7"
"Prima Divisione Femminile","prima_divisione_femminile","Girone A","girone_a","femminile","territoriale",,7,"Gara 39",2025-11-29,09:00:00 PM,"Sab 29/11/2025 21.00","Ies Mv Tomei Livorno",0,3,"Polisportiva Vicarello","0-3","12/25 13/25 12/25","I Arbitro: Fontanabella Enzo","PALESTRA COMANDO VVF - VIA CAMPANIA 25 - LIVORNO","Prima Divisione Femminile - Girone A / Giornata 7"
"Prima Divisione Femminile","prima_divisione_femminile","Girone A","girone_a","femminile","territoriale",,7,"Gara 40",2025-11-29,06:30:00 PM,"Sab 29/11/2025 18.30","Max Factory - Migliarino Volley",0,3,"Volley Peccioli Senior","0-3","21/25 24/26 20/25","I Arbitro: Gerratana Lorenza","PALESTRA S.M. GIACOMO LEOPARDI - VIA DEL CAPANNONE 19 LOC NODICA VECCHIANO - VECCHIANO","Prima Divisione Femminile - Girone A / Giornata 7"
"Prima Divisione Femminile","prima_divisione_femminile","Girone A","girone_a","femminile","territoriale",,7,"Gara 41",2025-11-29,06:30:00 PM,"Sab 29/11/2025 18.30","Unimech Volley Sei Rose",3,1,"Polisportiva Monteserra","3-1","26/24 25/19 21/25 25/20","I Arbitro: Salvadori Andrea","PALAZZETTO DELLO SPORT G. BALESTRI ROSIGNANO - VIA PISACANE, rosigNANO SOLVAY - ROSIGNANO MARITTIMO","Prima Divisione Femminile - Girone A / Giornata 7"
"Prima Divisione Femminile","prima_divisione_femminile","Girone A","girone_a","femminile","territoriale",,7,"Gara 42",2025-11-29,06:30:00 PM,"Sab 29/11/2025 18.30","Conad - Volley Project U16",0,3,"Polisportiva Saline","0-3","12/25 11/25 11/25","I Arbitro: Fiumara Francesco","S.M. DEL CHICCA - VIA DUDLEY, 5 - LIVORNO","Prima Divisione Femminile - Girone A / Giornata 7"
"Prima Divisione Femminile","prima_divisione_femminile","Girone A","girone_a","femminile","territoriale",,8,"Gara 43",2025-12-06,09:00:00 PM,"Sab 06/12/2025 21.00","New Volley 2019",3,0,"Ies Mv Tomei Livorno","3-0","25/19 25/13 25/13","I Arbitro: Funari Alessio","PALASPORT VIA MONTALE - VENTURINA TERME - Via Montale 1 - VENTURINA TERME - CAMPIGLIA MARITTIMA","Prima Divisione Femminile - Girone A / Giornata 8"
"Prima Divisione Femminile","prima_divisione_femminile","Girone A","girone_a","femminile","territoriale",,8,"Gara 44",2025-12-06,09:00:00 PM,"Sab 06/12/2025 21.00","Volley Ponsacco",3,0,"Max Factory - Migliarino Volley","3-0","25/21 25/15 25/20","I Arbitro: Meini Luca","PALESTRA POLIVALENTE - VIA MELEGNANO - PONSACCO","Prima Divisione Femminile - Girone A / Giornata 8"
"Prima Divisione Femminile","prima_divisione_femminile","Girone A","girone_a","femminile","territoriale",,8,"Gara 45",2025-12-06,06:30:00 PM,"Sab 06/12/2025 18.30","Volley Peccioli Senior",3,0,"Unimech Volley Sei Rose","3-0","25/13 25/18 25/16","I Arbitro: Viviani Vittorio","PALESTRA SCUOLA MEDIA - VIA SABATINI, 3 - PECCIOLI","Prima Divisione Femminile - Girone A / Giornata 8"
"Prima Divisione Femminile","prima_divisione_femminile","Girone A","girone_a","femminile","territoriale",,8,"Gara 46",2025-12-05,09:00:00 PM,"Ven 05/12/2025 21.00","Polisportiva Saline",3,2,"Bellaria Cappuccini Volley 1d Verde","3-2","25/22 23/25 25/23 22/25 15/9","I Arbitro: Viviani Vittorio","PALESTRA COMUNALE - via leopardi, 1 saline di volterra - VOLTERRA","Prima Divisione Femminile - Girone A / Giornata 8"
"Prima Divisione Femminile","prima_divisione_femminile","Girone A","girone_a","femminile","territoriale",,8,"Gara 47",2025-12-06,09:00:00 PM,"Sab 06/12/2025 21.00","Polisportiva Vicarello",3,0,"Conad - Volley Project U16","3-0","25/12 25/17 26/24","I Arbitro: Biniaszewski Ernest","PALESTRA COMUNALE B. VERENINI - PIAZZA DON MILANI, 5 - COLLESALVETTI","Prima Divisione Femminile - Girone A / Giornata 8"
"Prima Divisione Femminile","prima_divisione_femminile","Girone A","girone_a","femminile","territoriale",,8,"Gara 48",2025-12-11,09:15:00 PM,"Gio 11/12/2025 21.15","Polisportiva Monteserra",3,2,"Folgore San Miniato","3-2","20/25 29/27 21/25 25/22 15/13","I Arbitro: Rafaniello Gaetano","PALASPORT MONTESERRA - Via Eroi dello Spazio - BUTI","Prima Divisione Femminile - Girone A / Giornata 8"
"Prima Divisione Femminile","prima_divisione_femminile","Girone A","girone_a","femminile","territoriale",,9,"Gara 49",2026-03-28,09:15:00 PM,"Sab 28/03/2026 21.15","Ies Mv Tomei Livorno",0,3,"Volley Ponsacco","0-3","10/25 14/25 19/25","I Arbitro: Biniaszewski Ernest","PALESTRA COMANDO VVF - VIA CAMPANIA 25 - LIVORNO","Prima Divisione Femminile - Girone A / Giornata 9"
"Prima Divisione Femminile","prima_divisione_femminile","Girone A","girone_a","femminile","territoriale",,9,"Gara 50",2025-12-13,06:00:00 PM,"Sab 13/12/2025 18.00","Max Factory - Migliarino Volley",2,3,"New Volley 2019","2-3","24/26 25/18 16/25 25/14 14/16","I Arbitro: Farnesi Gabriele","PALESTRA S.M. GIACOMO LEOPARDI - VIA DEL CAPANNONE 19 LOC NODICA VECCHIANO - VECCHIANO","Prima Divisione Femminile - Girone A / Giornata 9"
"Prima Divisione Femminile","prima_divisione_femminile","Girone A","girone_a","femminile","territoriale",,9,"Gara 51",2025-12-13,06:30:00 PM,"Sab 13/12/2025 18.30","Unimech Volley Sei Rose",1,3,"Polisportiva Vicarello","1-3","23/25 16/25 27/25 24/26","I Arbitro: Tartaglione Domenico","PALAZZETTO DELLO SPORT G. BALESTRI ROSIGNANO - VIA PISACANE, rosigNANO SOLVAY - ROSIGNANO MARITTIMO","Prima Divisione Femminile - Girone A / Giornata 9"
"Prima Divisione Femminile","prima_divisione_femminile","Girone A","girone_a","femminile","territoriale",,9,"Gara 52",2025-12-13,06:00:00 PM,"Sab 13/12/2025 18.00","Folgore San Miniato",3,2,"Polisportiva Saline","3-2","25/22 18/25 9/25 25/21 15/11","I Arbitro: Rossano Domenico","PALESTRA DON VINICIO VIVALDI - piazza don vinicio vivaldi - SAN MINIATO","Prima Divisione Femminile - Girone A / Giornata 9"
"Prima Divisione Femminile","prima_divisione_femminile","Girone A","girone_a","femminile","territoriale",,9,"Gara 53",2025-12-13,06:30:00 PM,"Sab 13/12/2025 18.30","Bellaria Cappuccini Volley 1d Verde",1,3,"Volley Peccioli Senior","1-3","18/25 25/20 23/25 22/25","I Arbitro: Spano Francesco","TENSOSTRUTTURA BELLARIA 2023 - VIALE EUROPA PONTEDERA - PONTEDERA","Prima Divisione Femminile - Girone A / Giornata 9"
"Prima Divisione Femminile","prima_divisione_femminile","Girone A","girone_a","femminile","territoriale",,9,"Gara 54",2025-12-13,06:30:00 PM,"Sab 13/12/2025 18.30","Conad - Volley Project U16",0,3,"Polisportiva Monteserra","0-3","11/25 15/25 8/25","I Arbitro: Battaglia Antonio","S.M. DEL CHICCA - VIA DUDLEY, 5 - LIVORNO","Prima Divisione Femminile - Girone A / Giornata 9"
"Prima Divisione Femminile","prima_divisione_femminile","Girone A","girone_a","femminile","territoriale",,10,"Gara 55",2025-12-20,09:00:00 PM,"Sab 20/12/2025 21.00","Ies Mv Tomei Livorno",0,3,"Unimech Volley Sei Rose","0-3","10/25 17/25 17/25","I Arbitro: Menzel Alessandro","PALESTRA COMANDO VVF - VIA CAMPANIA 25 - LIVORNO","Prima Divisione Femminile - Girone A / Giornata 10"
"Prima Divisione Femminile","prima_divisione_femminile","Girone A","girone_a","femminile","territoriale",,10,"Gara 56",2025-12-20,09:00:00 PM,"Sab 20/12/2025 21.00","Polisportiva Vicarello",0,3,"Max Factory - Migliarino Volley","0-3","25/27 21/25 21/25","I Arbitro: Salvadori Andrea","PALESTRA COMUNALE B. VERENINI - PIAZZA DON MILANI, 5 - COLLESALVETTI","Prima Divisione Femminile - Girone A / Giornata 10"
"Prima Divisione Femminile","prima_divisione_femminile","Girone A","girone_a","femminile","territoriale",,10,"Gara 57",2025-12-17,08:30:00 PM,"Mer 17/12/2025 20.30","New Volley 2019",3,0,"Conad - Volley Project U16","3-0","25/18 25/17 27/25","I Arbitro: Tartaglione Domenico","PALASPORT VIA MONTALE - VENTURINA TERME - Via Montale 1 - VENTURINA TERME - CAMPIGLIA MARITTIMA","Prima Divisione Femminile - Girone A / Giornata 10"
"Prima Divisione Femminile","prima_divisione_femminile","Girone A","girone_a","femminile","territoriale",,10,"Gara 58",2025-12-20,09:15:00 PM,"Sab 20/12/2025 21.15","Volley Ponsacco",2,3,"Bellaria Cappuccini Volley 1d Verde","2-3","26/24 21/25 20/25 25/22 14/16","I Arbitro: Fontanabella Enzo","PALESTRA POLIVALENTE - VIA MELEGNANO - PONSACCO","Prima Divisione Femminile - Girone A / Giornata 10"
"Prima Divisione Femminile","prima_divisione_femminile","Girone A","girone_a","femminile","territoriale",,10,"Gara 59",2025-12-20,06:30:00 PM,"Sab 20/12/2025 18.30","Volley Peccioli Senior",3,1,"Folgore San Miniato","3-1","26/24 25/27 25/13 26/24","I Arbitro: Paoli Franco","PALESTRA SCUOLA MEDIA - VIA SABATINI, 3 - PECCIOLI","Prima Divisione Femminile - Girone A / Giornata 10"
"Prima Divisione Femminile","prima_divisione_femminile","Girone A","girone_a","femminile","territoriale",,10,"Gara 60",2025-12-18,09:15:00 PM,"Gio 18/12/2025 21.15","Polisportiva Monteserra",0,3,"Polisportiva Saline","0-3","14/25 10/25 19/25","I Arbitro: Fontanabella Enzo","PALASPORT MONTESERRA - Via Eroi dello Spazio - BUTI","Prima Divisione Femminile - Girone A / Giornata 10"
"Prima Divisione Femminile","prima_divisione_femminile","Girone A","girone_a","femminile","territoriale",,11,"Gara 61",2026-01-10,06:00:00 PM,"Sab 10/01/2026 18.00","Max Factory - Migliarino Volley",3,0,"Ies Mv Tomei Livorno","3-0","25/11 25/17 25/16","I Arbitro: Ago Klevis","PALESTRA S.M. GIACOMO LEOPARDI - VIA DEL CAPANNONE 19 LOC NODICA VECCHIANO - VECCHIANO","Prima Divisione Femminile - Girone A / Giornata 11"
"Prima Divisione Femminile","prima_divisione_femminile","Girone A","girone_a","femminile","territoriale",,11,"Gara 62",2026-01-10,06:30:00 PM,"Sab 10/01/2026 18.30","Unimech Volley Sei Rose",0,3,"New Volley 2019","0-3","17/25 15/25 20/25","I Arbitro: Biniaszewski Ernest","PALAZZETTO DELLO SPORT G. BALESTRI ROSIGNANO - VIA PISACANE, rosigNANO SOLVAY - ROSIGNANO MARITTIMO","Prima Divisione Femminile - Girone A / Giornata 11"
"Prima Divisione Femminile","prima_divisione_femminile","Girone A","girone_a","femminile","territoriale",,11,"Gara 63",2026-01-10,06:30:00 PM,"Sab 10/01/2026 18.30","Conad - Volley Project U16",0,3,"Volley Ponsacco","0-3","11/25 20/25 12/25","I Arbitro: Spano Francesco","S.M. DEL CHICCA - VIA DUDLEY, 5 - LIVORNO","Prima Divisione Femminile - Girone A / Giornata 11"
"Prima Divisione Femminile","prima_divisione_femminile","Girone A","girone_a","femminile","territoriale",,11,"Gara 64",2026-01-10,09:00:00 PM,"Sab 10/01/2026 21.00","Polisportiva Saline",0,3,"Volley Peccioli Senior","0-3","11/25 17/25 20/25","I Arbitro: Lombardi Giampaolo","PALESTRA COMUNALE - via leopardi, 1 saline di volterra - VOLTERRA","Prima Divisione Femminile - Girone A / Giornata 11"
"Prima Divisione Femminile","prima_divisione_femminile","Girone A","girone_a","femminile","territoriale",,11,"Gara 65",2026-01-10,06:30:00 PM,"Sab 10/01/2026 18.30","Folgore San Miniato",1,3,"Polisportiva Vicarello","1-3","21/25 25/23 19/25 20/25","I Arbitro: Viviani Vittorio","PALESTRA DON VINICIO VIVALDI - piazza don vinicio vivaldi - SAN MINIATO","Prima Divisione Femminile - Girone A / Giornata 11"
"Prima Divisione Femminile","prima_divisione_femminile","Girone A","girone_a","femminile","territoriale",,11,"Gara 66",2026-01-10,06:30:00 PM,"Sab 10/01/2026 18.30","Bellaria Cappuccini Volley 1d Verde",3,0,"Polisportiva Monteserra","3-0","27/25 27/25 25/16","I Arbitro: Rossano Domenico","TENSOSTRUTTURA BELLARIA 2023 - VIALE EUROPA PONTEDERA - PONTEDERA","Prima Divisione Femminile - Girone A / Giornata 11"
"Prima Divisione Femminile","prima_divisione_femminile","Girone A","girone_a","femminile","territoriale",,12,"Gara 67",2026-01-24,06:30:00 PM,"Sab 24/01/2026 18.30","Unimech Volley Sei Rose",1,3,"Max Factory - Migliarino Volley","1-3","20/25 25/9 14/25 23/25","I Arbitro: Farnesi Gabriele","PALAZZETTO DELLO SPORT G. BALESTRI ROSIGNANO - VIA PISACANE, rosigNANO SOLVAY - ROSIGNANO MARITTIMO","Prima Divisione Femminile - Girone A / Giornata 12"
"Prima Divisione Femminile","prima_divisione_femminile","Girone A","girone_a","femminile","territoriale",,12,"Gara 68",2026-01-22,09:00:00 PM,"Gio 22/01/2026 21.00","Polisportiva Monteserra",1,3,"Volley Peccioli Senior","1-3","17/25 25/22 19/25 14/25","I Arbitro: Ago Klevis","PALASPORT MONTESERRA - Via Eroi dello Spazio - BUTI","Prima Divisione Femminile - Girone A / Giornata 12"
"Prima Divisione Femminile","prima_divisione_femminile","Girone A","girone_a","femminile","territoriale",,12,"Gara 69",2026-01-24,06:30:00 PM,"Sab 24/01/2026 18.30","Conad - Volley Project U16",3,2,"Ies Mv Tomei Livorno","3-2","21/25 25/13 18/25 25/21 15/10","I Arbitro: Pezzullo Roberto","S.M. DEL CHICCA - VIA DUDLEY, 5 - LIVORNO","Prima Divisione Femminile - Girone A / Giornata 12"
"Prima Divisione Femminile","prima_divisione_femminile","Girone A","girone_a","femminile","territoriale",,12,"Gara 70",2026-02-18,09:00:00 PM,"Mer 18/02/2026 21.00","Polisportiva Saline",3,0,"New Volley 2019","3-0","25/21 25/19 25/13","I Arbitro: Viviani Lisa","PALESTRA COMUNALE - via leopardi, 1 saline di volterra - VOLTERRA","Prima Divisione Femminile - Girone A / Giornata 12"
"Prima Divisione Femminile","prima_divisione_femminile","Girone A","girone_a","femminile","territoriale",,12,"Gara 71",2026-01-24,06:00:00 PM,"Sab 24/01/2026 18.00","Folgore San Miniato",1,3,"Volley Ponsacco","1-3","25/12 22/25 21/25 15/25","I Arbitro: Toni Paolo","PALESTRA DON VINICIO VIVALDI - piazza don vinicio vivaldi - SAN MINIATO","Prima Divisione Femminile - Girone A / Giornata 12"
"Prima Divisione Femminile","prima_divisione_femminile","Girone A","girone_a","femminile","territoriale",,12,"Gara 72",2026-01-24,06:30:00 PM,"Sab 24/01/2026 18.30","Bellaria Cappuccini Volley 1d Verde",3,0,"Polisportiva Vicarello","3-0","25/18 25/18 25/13","I Arbitro: Rafaniello Gaetano","TENSOSTRUTTURA BELLARIA 2023 - VIALE EUROPA PONTEDERA - PONTEDERA","Prima Divisione Femminile - Girone A / Giornata 12"
"Prima Divisione Femminile","prima_divisione_femminile","Girone A","girone_a","femminile","territoriale",,13,"Gara 73",2026-01-31,09:15:00 PM,"Sab 31/01/2026 21.15","Volley Ponsacco",3,1,"Unimech Volley Sei Rose","3-1","25/21 25/22 23/25 25/23","I Arbitro: Rossano Domenico","PALESTRA POLIVALENTE - VIA MELEGNANO - PONSACCO","Prima Divisione Femminile - Girone A / Giornata 13"
"Prima Divisione Femminile","prima_divisione_femminile","Girone A","girone_a","femminile","territoriale",,13,"Gara 74",2026-01-31,09:00:00 PM,"Sab 31/01/2026 21.00","New Volley 2019",3,1,"Polisportiva Monteserra","3-1","25/18 14/25 25/16 25/11","I Arbitro: Tartaglione Domenico","PALESTRA RODARI - PIAZZA GIOVANNI XXIII - SAN VINCENZO","Prima Divisione Femminile - Girone A / Giornata 13"
"Prima Divisione Femminile","prima_divisione_femminile","Girone A","girone_a","femminile","territoriale",,13,"Gara 75",2026-01-31,06:30:00 PM,"Sab 31/01/2026 18.30","Max Factory - Migliarino Volley",2,3,"Bellaria Cappuccini Volley 1d Verde","2-3","27/25 25/20 23/25 18/25 15/17","I Arbitro: Paoli Franco","PALESTRA S.M. GIACOMO LEOPARDI - VIA DEL CAPANNONE 19 LOC NODICA VECCHIANO - VECCHIANO","Prima Divisione Femminile - Girone A / Giornata 13"
"Prima Divisione Femminile","prima_divisione_femminile","Girone A","girone_a","femminile","territoriale",,13,"Gara 76",2026-01-31,09:00:00 PM,"Sab 31/01/2026 21.00","Ies Mv Tomei Livorno",0,3,"Folgore San Miniato","0-3","14/25 19/25 8/25","I Arbitro: Piro Samuel","PALESTRA COMANDO VVF - VIA CAMPANIA 25 - LIVORNO","Prima Divisione Femminile - Girone A / Giornata 13"
"Prima Divisione Femminile","prima_divisione_femminile","Girone A","girone_a","femminile","territoriale",,13,"Gara 77",2026-01-31,06:30:00 PM,"Sab 31/01/2026 18.30","Volley Peccioli Senior",3,0,"Conad - Volley Project U16","3-0","25/9 25/19 25/22","I Arbitro: Meini Luca","PALESTRA SCUOLA MEDIA - VIA SABATINI, 3 - PECCIOLI","Prima Divisione Femminile - Girone A / Giornata 13"
"Prima Divisione Femminile","prima_divisione_femminile","Girone A","girone_a","femminile","territoriale",,13,"Gara 78",2026-01-31,09:00:00 PM,"Sab 31/01/2026 21.00","Polisportiva Vicarello",3,1,"Polisportiva Saline","3-1","25/16 20/25 25/17 25/22","I Arbitro: Biniaszewski Ernest","PALESTRA COMUNALE B. VERENINI - PIAZZA DON MILANI, 5 - COLLESALVETTI","Prima Divisione Femminile - Girone A / Giornata 13"
"Prima Divisione Femminile","prima_divisione_femminile","Girone A","girone_a","femminile","territoriale",,14,"Gara 79",2026-02-14,06:30:00 PM,"Sab 14/02/2026 18.30","Volley Peccioli Senior",3,0,"Volley Ponsacco","3-0","25/16 25/14 25/11","I Arbitro: Lombardi Giampaolo","PALESTRA SCUOLA MEDIA - VIA SABATINI, 3 - PECCIOLI","Prima Divisione Femminile - Girone A / Giornata 14"
"Prima Divisione Femminile","prima_divisione_femminile","Girone A","girone_a","femminile","territoriale",,14,"Gara 80",2026-02-12,09:15:00 PM,"Gio 12/02/2026 21.15","Polisportiva Monteserra",3,2,"Polisportiva Vicarello","3-2","24/26 25/15 21/25 25/22 15/5","I Arbitro: Rossano Domenico","PALASPORT MONTESERRA - Via Eroi dello Spazio - BUTI","Prima Divisione Femminile - Girone A / Giornata 14"
"Prima Divisione Femminile","prima_divisione_femminile","Girone A","girone_a","femminile","territoriale",,14,"Gara 81",2026-02-14,06:30:00 PM,"Sab 14/02/2026 18.30","Conad - Volley Project U16",1,3,"Max Factory - Migliarino Volley","1-3","25/22 18/25 16/25 18/25","I Arbitro: Toni Paolo","S.M. DEL CHICCA - VIA DUDLEY, 5 - LIVORNO","Prima Divisione Femminile - Girone A / Giornata 14"
"Prima Divisione Femminile","prima_divisione_femminile","Girone A","girone_a","femminile","territoriale",,14,"Gara 82",2026-02-14,06:00:00 PM,"Sab 14/02/2026 18.00","Folgore San Miniato",3,0,"Unimech Volley Sei Rose","3-0","25/11 25/21 25/20","I Arbitro: Viviani Vittorio","PALESTRA DON VINICIO VIVALDI - piazza don vinicio vivaldi - SAN MINIATO","Prima Divisione Femminile - Girone A / Giornata 14"
"Prima Divisione Femminile","prima_divisione_femminile","Girone A","girone_a","femminile","territoriale",,14,"Gara 83",2026-02-13,09:00:00 PM,"Ven 13/02/2026 21.00","Polisportiva Saline",3,0,"Ies Mv Tomei Livorno","3-0","25/8 25/6 25/18","I Arbitro: Viviani Vittorio","PALESTRA COMUNALE - via leopardi, 1 saline di volterra - VOLTERRA","Prima Divisione Femminile - Girone A / Giornata 14"
"Prima Divisione Femminile","prima_divisione_femminile","Girone A","girone_a","femminile","territoriale",,14,"Gara 84",2026-02-14,06:30:00 PM,"Sab 14/02/2026 18.30","Bellaria Cappuccini Volley 1d Verde",3,2,"New Volley 2019","3-2","22/25 15/25 25/17 25/12 15/13","I Arbitro: Paoli Franco","TENSOSTRUTTURA BELLARIA 2023 - VIALE EUROPA PONTEDERA - PONTEDERA","Prima Divisione Femminile - Girone A / Giornata 14"
"Prima Divisione Femminile","prima_divisione_femminile","Girone A","girone_a","femminile","territoriale",,15,"Gara 85",2026-02-21,09:00:00 PM,"Sab 21/02/2026 21.00","Polisportiva Vicarello",2,3,"Volley Peccioli Senior","2-3","8/25 18/25 32/30 25/23 7/15","I Arbitro: Piro Samuel","PALESTRA COMUNALE B. VERENINI - PIAZZA DON MILANI, 5 - COLLESALVETTI","Prima Divisione Femminile - Girone A / Giornata 15"
"Prima Divisione Femminile","prima_divisione_femminile","Girone A","girone_a","femminile","territoriale",,15,"Gara 86",2026-02-21,09:15:00 PM,"Sab 21/02/2026 21.15","Volley Ponsacco",3,2,"Polisportiva Monteserra","3-2","26/24 25/21 16/25 22/25 15/13","I Arbitro: Paoli Franco","PALESTRA POLIVALENTE - VIA MELEGNANO - PONSACCO","Prima Divisione Femminile - Girone A / Giornata 15"
"Prima Divisione Femminile","prima_divisione_femminile","Girone A","girone_a","femminile","territoriale",,15,"Gara 87",2026-02-21,06:30:00 PM,"Sab 21/02/2026 18.30","Unimech Volley Sei Rose",3,0,"Conad - Volley Project U16","3-0","25/16 25/23 25/15","I Arbitro: Biniaszewski Ernest","PALAZZETTO DELLO SPORT G. BALESTRI ROSIGNANO - VIA PISACANE, rosigNANO SOLVAY - ROSIGNANO MARITTIMO","Prima Divisione Femminile - Girone A / Giornata 15"
"Prima Divisione Femminile","prima_divisione_femminile","Girone A","girone_a","femminile","territoriale",,15,"Gara 88",2026-02-21,06:30:00 PM,"Sab 21/02/2026 18.30","Max Factory - Migliarino Volley",0,3,"Polisportiva Saline","0-3","20/25 20/25 14/25","I Arbitro: Fontanabella Enzo","PALESTRA S.M. GIACOMO LEOPARDI - VIA DEL CAPANNONE 19 LOC NODICA VECCHIANO - VECCHIANO","Prima Divisione Femminile - Girone A / Giornata 15"
"Prima Divisione Femminile","prima_divisione_femminile","Girone A","girone_a","femminile","territoriale",,15,"Gara 89",2026-02-21,09:00:00 PM,"Sab 21/02/2026 21.00","Ies Mv Tomei Livorno",0,3,"Bellaria Cappuccini Volley 1d Verde","0-3","14/25 22/25 18/25","I Arbitro: Donati Simone","PALESTRA COMANDO VVF - VIA CAMPANIA 25 - LIVORNO","Prima Divisione Femminile - Girone A / Giornata 15"
"Prima Divisione Femminile","prima_divisione_femminile","Girone A","girone_a","femminile","territoriale",,15,"Gara 90",2026-02-21,06:00:00 PM,"Sab 21/02/2026 18.00","Folgore San Miniato",1,3,"New Volley 2019","1-3","15/25 23/25 25/22 18/25","I Arbitro: Rossano Domenico","PALESTRA DON VINICIO VIVALDI - piazza don vinicio vivaldi - SAN MINIATO","Prima Divisione Femminile - Girone A / Giornata 15"
"Prima Divisione Femminile","prima_divisione_femminile","Girone A","girone_a","femminile","territoriale",,16,"Gara 91",2026-02-28,09:00:00 PM,"Sab 28/02/2026 21.00","Polisportiva Vicarello",3,0,"Volley Ponsacco","3-0","30/28 25/16 25/19","I Arbitro: Meini Luca","PALESTRA COMUNALE B. VERENINI - PIAZZA DON MILANI, 5 - COLLESALVETTI","Prima Divisione Femminile - Girone A / Giornata 16"
"Prima Divisione Femminile","prima_divisione_femminile","Girone A","girone_a","femminile","territoriale",,16,"Gara 92",2026-02-28,09:00:00 PM,"Sab 28/02/2026 21.00","New Volley 2019",2,3,"Volley Peccioli Senior","2-3","20/25 25/21 11/25 25/15 9/15","I Arbitro: Tartaglione Domenico","PALESTRA RODARI - PIAZZA GIOVANNI XXIII - SAN VINCENZO","Prima Divisione Femminile - Girone A / Giornata 16"
"Prima Divisione Femminile","prima_divisione_femminile","Girone A","girone_a","femminile","territoriale",,16,"Gara 93",2026-01-16,09:00:00 PM,"Ven 16/01/2026 21.00","Polisportiva Monteserra",3,0,"Ies Mv Tomei Livorno","3-0","25/12 25/15 25/17","I Arbitro: Meini Luca","PALASPORT MONTESERRA - Via Eroi dello Spazio - BUTI","Prima Divisione Femminile - Girone A / Giornata 16"
"Prima Divisione Femminile","prima_divisione_femminile","Girone A","girone_a","femminile","territoriale",,16,"Gara 94",2026-02-28,06:30:00 PM,"Sab 28/02/2026 18.30","Bellaria Cappuccini Volley 1d Verde",3,1,"Conad - Volley Project U16","3-1","25/21 16/25 25/23 25/18","I Arbitro: Zagaglia Tiziana","TENSOSTRUTTURA BELLARIA 2023 - VIALE EUROPA PONTEDERA - PONTEDERA","Prima Divisione Femminile - Girone A / Giornata 16"
"Prima Divisione Femminile","prima_divisione_femminile","Girone A","girone_a","femminile","territoriale",,16,"Gara 95",2026-02-28,06:00:00 PM,"Sab 28/02/2026 18.00","Folgore San Miniato",1,3,"Max Factory - Migliarino Volley","1-3","25/19 21/25 22/25 14/25","I Arbitro: Rossano Domenico","PALESTRA DON VINICIO VIVALDI - piazza don vinicio vivaldi - SAN MINIATO","Prima Divisione Femminile - Girone A / Giornata 16"
"Prima Divisione Femminile","prima_divisione_femminile","Girone A","girone_a","femminile","territoriale",,16,"Gara 96",2026-02-28,09:00:00 PM,"Sab 28/02/2026 21.00","Polisportiva Saline",3,1,"Unimech Volley Sei Rose","3-1","17/25 25/7 25/17 25/18","I Arbitro: Costa Stefano","PALESTRA COMUNALE - via leopardi, 1 saline di volterra - VOLTERRA","Prima Divisione Femminile - Girone A / Giornata 16"
"Prima Divisione Femminile","prima_divisione_femminile","Girone A","girone_a","femminile","territoriale",,17,"Gara 97",2026-03-07,09:00:00 PM,"Sab 07/03/2026 21.00","New Volley 2019",3,1,"Polisportiva Vicarello","3-1","25/20 25/17 16/25 25/17","I Arbitro: Funari Alessio","PALASPORT VIA MONTALE - VENTURINA TERME - Via Montale 1 - VENTURINA TERME - CAMPIGLIA MARITTIMA","Prima Divisione Femminile - Girone A / Giornata 17"
"Prima Divisione Femminile","prima_divisione_femminile","Girone A","girone_a","femminile","territoriale",,17,"Gara 98",2026-03-07,09:00:00 PM,"Sab 07/03/2026 21.00","Ies Mv Tomei Livorno",0,3,"Volley Peccioli Senior","0-3","12/25 12/25 14/25","I Arbitro: Salvadori Andrea","PALESTRA COMANDO VVF - VIA CAMPANIA 25 - LIVORNO","Prima Divisione Femminile - Girone A / Giornata 17"
"Prima Divisione Femminile","prima_divisione_femminile","Girone A","girone_a","femminile","territoriale",,17,"Gara 99",2026-03-07,06:00:00 PM,"Sab 07/03/2026 18.00","Max Factory - Migliarino Volley",3,2,"Polisportiva Monteserra","3-2","25/23 25/17 11/25 16/25 15/11","I Arbitro: Ago Klevis","PALESTRA S.M. GIACOMO LEOPARDI - VIA DEL CAPANNONE 19 LOC NODICA VECCHIANO - VECCHIANO","Prima Divisione Femminile - Girone A / Giornata 17"
"Prima Divisione Femminile","prima_divisione_femminile","Girone A","girone_a","femminile","territoriale",,17,"Gara 100",2026-03-07,06:30:00 PM,"Sab 07/03/2026 18.30","Conad - Volley Project U16",0,3,"Folgore San Miniato","0-3","15/25 20/25 22/25","I Arbitro: Paoli Franco","S.M. DEL CHICCA - VIA DUDLEY, 5 - LIVORNO","Prima Divisione Femminile - Girone A / Giornata 17"
"Prima Divisione Femminile","prima_divisione_femminile","Girone A","girone_a","femminile","territoriale",,17,"Gara 101",2026-03-07,06:30:00 PM,"Sab 07/03/2026 18.30","Unimech Volley Sei Rose",3,2,"Bellaria Cappuccini Volley 1d Verde","3-2","25/23 25/22 26/28 22/25 15/13","I Arbitro: Donati Simone","PALAZZETTO DELLO SPORT G. BALESTRI ROSIGNANO - VIA PISACANE, rosigNANO SOLVAY - ROSIGNANO MARITTIMO","Prima Divisione Femminile - Girone A / Giornata 17"
"Prima Divisione Femminile","prima_divisione_femminile","Girone A","girone_a","femminile","territoriale",,17,"Gara 102",2026-03-07,09:00:00 PM,"Sab 07/03/2026 21.00","Volley Ponsacco",1,3,"Polisportiva Saline","1-3","23/25 14/25 25/22 24/26","I Arbitro: Rossano Domenico","PALESTRA POLIVALENTE - VIA MELEGNANO - PONSACCO","Prima Divisione Femminile - Girone A / Giornata 17"
"Prima Divisione Femminile","prima_divisione_femminile","Girone A","girone_a","femminile","territoriale",,18,"Gara 103",2026-03-14,09:00:00 PM,"Sab 14/03/2026 21.00","Volley Ponsacco",3,1,"New Volley 2019","3-1","22/25 25/15 25/13 25/22","I Arbitro: Viviani Lisa","PALESTRA POLIVALENTE - VIA MELEGNANO - PONSACCO","Prima Divisione Femminile - Girone A / Giornata 18"
"Prima Divisione Femminile","prima_divisione_femminile","Girone A","girone_a","femminile","territoriale",,18,"Gara 104",2026-03-14,06:00:00 PM,"Sab 14/03/2026 18.00","Folgore San Miniato",2,3,"Bellaria Cappuccini Volley 1d Verde","2-3","19/25 25/22 25/23 19/25 9/15","I Arbitro: Viviani Lisa","PALESTRA DON VINICIO VIVALDI - piazza don vinicio vivaldi - SAN MINIATO","Prima Divisione Femminile - Girone A / Giornata 18"
"Prima Divisione Femminile","prima_divisione_femminile","Girone A","girone_a","femminile","territoriale",,18,"Gara 105",2026-03-14,09:00:00 PM,"Sab 14/03/2026 21.00","Polisportiva Vicarello",3,0,"Ies Mv Tomei Livorno","3-0","25/8 25/12 25/13","I Arbitro: Costa Stefano","PALESTRA COMUNALE B. VERENINI - PIAZZA DON MILANI, 5 - COLLESALVETTI","Prima Divisione Femminile - Girone A / Giornata 18"
"Prima Divisione Femminile","prima_divisione_femminile","Girone A","girone_a","femminile","territoriale",,18,"Gara 106",2026-03-14,06:30:00 PM,"Sab 14/03/2026 18.30","Volley Peccioli Senior",3,0,"Max Factory - Migliarino Volley","3-0","25/22 25/22 25/17","I Arbitro: Rossano Domenico","PALESTRA SCUOLA MEDIA - VIA SABATINI, 3 - PECCIOLI","Prima Divisione Femminile - Girone A / Giornata 18"
"Prima Divisione Femminile","prima_divisione_femminile","Girone A","girone_a","femminile","territoriale",,18,"Gara 107",2026-03-14,06:30:00 PM,"Sab 14/03/2026 18.30","Polisportiva Monteserra",3,0,"Unimech Volley Sei Rose","3-0","25/16 28/26 28/26","I Arbitro: Taddei Verdiana","PALASPORT MONTESERRA - Via Eroi dello Spazio - BUTI","Prima Divisione Femminile - Girone A / Giornata 18"
"Prima Divisione Femminile","prima_divisione_femminile","Girone A","girone_a","femminile","territoriale",,18,"Gara 108",2026-03-13,09:00:00 PM,"Ven 13/03/2026 21.00","Polisportiva Saline",3,0,"Conad - Volley Project U16","3-0","25/11 25/8 25/16","I Arbitro: Lombardi Giampaolo","PALESTRA COMUNALE - via leopardi, 1 saline di volterra - VOLTERRA","Prima Divisione Femminile - Girone A / Giornata 18"
"Prima Divisione Femminile","prima_divisione_femminile","Girone A","girone_a","femminile","territoriale",,19,"Gara 109",2026-03-21,09:00:00 PM,"Sab 21/03/2026 21.00","Ies Mv Tomei Livorno",0,3,"New Volley 2019","0-3","16/25 11/25 9/25","I Arbitro: Biniaszewski Ernest","PALESTRA COMANDO VVF - VIA CAMPANIA 25 - LIVORNO","Prima Divisione Femminile - Girone A / Giornata 19"
"Prima Divisione Femminile","prima_divisione_femminile","Girone A","girone_a","femminile","territoriale",,19,"Gara 110",2026-03-21,06:00:00 PM,"Sab 21/03/2026 18.00","Max Factory - Migliarino Volley",3,1,"Volley Ponsacco","3-1","20/25 25/14 25/19 25/23","I Arbitro: Paoli Franco","PALESTRA S.M. GIACOMO LEOPARDI - VIA DEL CAPANNONE 19 LOC NODICA VECCHIANO - VECCHIANO","Prima Divisione Femminile - Girone A / Giornata 19"
"Prima Divisione Femminile","prima_divisione_femminile","Girone A","girone_a","femminile","territoriale",,19,"Gara 111",2026-03-21,06:30:00 PM,"Sab 21/03/2026 18.30","Unimech Volley Sei Rose",2,3,"Volley Peccioli Senior","2-3","26/24 19/25 25/20 17/25 11/15","I Arbitro: Piro Samuel","PALAZZETTO DELLO SPORT G. BALESTRI ROSIGNANO - VIA PISACANE, rosigNANO SOLVAY - ROSIGNANO MARITTIMO","Prima Divisione Femminile - Girone A / Giornata 19"
"Prima Divisione Femminile","prima_divisione_femminile","Girone A","girone_a","femminile","territoriale",,19,"Gara 112",2026-03-21,06:30:00 PM,"Sab 21/03/2026 18.30","Bellaria Cappuccini Volley 1d Verde",3,0,"Polisportiva Saline","3-0","25/21 26/24 25/20","I Arbitro: Farnesi Gabriele","TENSOSTRUTTURA BELLARIA 2023 - VIALE EUROPA PONTEDERA - PONTEDERA","Prima Divisione Femminile - Girone A / Giornata 19"
"Prima Divisione Femminile","prima_divisione_femminile","Girone A","girone_a","femminile","territoriale",,19,"Gara 113",2026-03-21,06:30:00 PM,"Sab 21/03/2026 18.30","Conad - Volley Project U16",1,3,"Polisportiva Vicarello","1-3","25/23 15/25 11/25 13/25","I Arbitro: Spano Francesco","S.M. DEL CHICCA - VIA DUDLEY, 5 - LIVORNO","Prima Divisione Femminile - Girone A / Giornata 19"
"Prima Divisione Femminile","prima_divisione_femminile","Girone A","girone_a","femminile","territoriale",,19,"Gara 114",2026-03-21,09:00:00 PM,"Sab 21/03/2026 21.00","Folgore San Miniato",3,1,"Polisportiva Monteserra","3-1","25/16 25/19 21/25 28/26","I Arbitro: Ago Klevis","PALESTRA DON VINICIO VIVALDI - piazza don vinicio vivaldi - SAN MINIATO","Prima Divisione Femminile - Girone A / Giornata 19"
"Prima Divisione Femminile","prima_divisione_femminile","Girone A","girone_a","femminile","territoriale",,20,"Gara 115",2025-12-13,09:15:00 PM,"Sab 13/12/2025 21.15","Volley Ponsacco",3,0,"Ies Mv Tomei Livorno","3-0","25/22 25/12 25/13","I Arbitro: Rossano Domenico","PALESTRA POLIVALENTE - VIA MELEGNANO - PONSACCO","Prima Divisione Femminile - Girone A / Giornata 20"
"Prima Divisione Femminile","prima_divisione_femminile","Girone A","girone_a","femminile","territoriale",,20,"Gara 116",2026-03-28,09:00:00 PM,"Sab 28/03/2026 21.00","New Volley 2019",1,3,"Max Factory - Migliarino Volley","1-3","18/25 19/25 25/20 23/25","I Arbitro: Tartaglione Domenico","PALESTRA RODARI - PIAZZA GIOVANNI XXIII - SAN VINCENZO","Prima Divisione Femminile - Girone A / Giornata 20"
"Prima Divisione Femminile","prima_divisione_femminile","Girone A","girone_a","femminile","territoriale",,20,"Gara 117",2026-03-28,09:00:00 PM,"Sab 28/03/2026 21.00","Polisportiva Vicarello",3,0,"Unimech Volley Sei Rose","3-0","25/20 25/15 25/21","I Arbitro: Donati Simone","PALESTRA COMUNALE B. VERENINI - PIAZZA DON MILANI, 5 - COLLESALVETTI","Prima Divisione Femminile - Girone A / Giornata 20"
"Prima Divisione Femminile","prima_divisione_femminile","Girone A","girone_a","femminile","territoriale",,20,"Gara 118",2026-03-27,09:15:00 PM,"Ven 27/03/2026 21.15","Polisportiva Saline",3,0,"Folgore San Miniato","3-0","25/18 25/13 25/9","I Arbitro: Viviani Vittorio","PALESTRA COMUNALE - via leopardi, 1 saline di volterra - VOLTERRA","Prima Divisione Femminile - Girone A / Giornata 20"
"Prima Divisione Femminile","prima_divisione_femminile","Girone A","girone_a","femminile","territoriale",,20,"Gara 119",2026-03-28,06:30:00 PM,"Sab 28/03/2026 18.30","Volley Peccioli Senior",3,0,"Bellaria Cappuccini Volley 1d Verde","3-0","25/12 25/12 25/23","I Arbitro: Lombardi Giampaolo","PALESTRA SCUOLA MEDIA - VIA SABATINI, 3 - PECCIOLI","Prima Divisione Femminile - Girone A / Giornata 20"
"Prima Divisione Femminile","prima_divisione_femminile","Girone A","girone_a","femminile","territoriale",,20,"Gara 120",2026-03-30,09:15:00 PM,"Lun 30/03/2026 21.15","Polisportiva Monteserra",3,0,"Conad - Volley Project U16","3-0","25/16 25/19 25/20","I Arbitro: Paoli Franco","PALASPORT MONTESERRA - Via Eroi dello Spazio - BUTI","Prima Divisione Femminile - Girone A / Giornata 20"
"Prima Divisione Femminile","prima_divisione_femminile","Girone A","girone_a","femminile","territoriale",,21,"Gara 121",2026-04-11,06:00:00 PM,"Sab 11/04/2026 18.00","Unimech Volley Sei Rose",3,0,"Ies Mv Tomei Livorno","3-0","25/9 25/17 25/16","I Arbitro: Femia Furio Mirko","PALESTRA COMUNALE SORBETTO - LOC. SORBETTO, castelnuovo della misericordia - ROSIGNANO MARITTIMO","Prima Divisione Femminile - Girone A / Giornata 21"
"Prima Divisione Femminile","prima_divisione_femminile","Girone A","girone_a","femminile","territoriale",,21,"Gara 122",2026-04-11,06:00:00 PM,"Sab 11/04/2026 18.00","Max Factory - Migliarino Volley",0,3,"Polisportiva Vicarello","0-3","18/25 19/25 18/25","I Arbitro: Falaschi Alice","PALESTRA S.M. GIACOMO LEOPARDI - VIA DEL CAPANNONE 19 LOC NODICA VECCHIANO - VECCHIANO","Prima Divisione Femminile - Girone A / Giornata 21"
"Prima Divisione Femminile","prima_divisione_femminile","Girone A","girone_a","femminile","territoriale",,21,"Gara 123",2026-04-11,06:30:00 PM,"Sab 11/04/2026 18.30","Conad - Volley Project U16",0,3,"New Volley 2019","0-3","23/25 19/25 21/25","I Arbitro: Menzel Alessandro","S.M. DEL CHICCA - VIA DUDLEY, 5 - LIVORNO","Prima Divisione Femminile - Girone A / Giornata 21"
"Prima Divisione Femminile","prima_divisione_femminile","Girone A","girone_a","femminile","territoriale",,21,"Gara 124",2026-04-11,06:30:00 PM,"Sab 11/04/2026 18.30","Bellaria Cappuccini Volley 1d Verde",3,2,"Volley Ponsacco","3-2","28/26 25/21 21/25 21/25 15/13","I Arbitro: Taddei Verdiana","TENSOSTRUTTURA BELLARIA 2023 - VIALE EUROPA PONTEDERA - PONTEDERA","Prima Divisione Femminile - Girone A / Giornata 21"
"Prima Divisione Femminile","prima_divisione_femminile","Girone A","girone_a","femminile","territoriale",,21,"Gara 125",2026-04-11,06:00:00 PM,"Sab 11/04/2026 18.00","Folgore San Miniato",0,3,"Volley Peccioli Senior","0-3","18/25 13/25 19/25","I Arbitro: Fontanabella Enzo","PALESTRA DON VINICIO VIVALDI - piazza don vinicio vivaldi - SAN MINIATO","Prima Divisione Femminile - Girone A / Giornata 21"
"Prima Divisione Femminile","prima_divisione_femminile","Girone A","girone_a","femminile","territoriale",,21,"Gara 126",2026-04-10,09:15:00 PM,"Ven 10/04/2026 21.15","Polisportiva Saline",3,1,"Polisportiva Monteserra","3-1","25/21 25/17 15/25 25/21","I Arbitro: Meini Luca","PALESTRA COMUNALE - via leopardi, 1 saline di volterra - VOLTERRA","Prima Divisione Femminile - Girone A / Giornata 21"
"Prima Divisione Femminile","prima_divisione_femminile","Girone A","girone_a","femminile","territoriale",,22,"Gara 127",2026-04-18,09:00:00 PM,"Sab 18/04/2026 21.00","Ies Mv Tomei Livorno",0,3,"Max Factory - Migliarino Volley","0-3","19/25 13/25 13/25","I Arbitro: Iodice Andrea","PALESTRA COMANDO VVF - VIA CAMPANIA 25 - LIVORNO","Prima Divisione Femminile - Girone A / Giornata 22"
"Prima Divisione Femminile","prima_divisione_femminile","Girone A","girone_a","femminile","territoriale",,22,"Gara 128",2026-04-18,09:00:00 PM,"Sab 18/04/2026 21.00","New Volley 2019",3,0,"Unimech Volley Sei Rose","3-0","25/23 26/24 25/16","I Arbitro: Funari Alessio","PALASPORT VIA MONTALE - VENTURINA TERME - Via Montale 1 - VENTURINA TERME - CAMPIGLIA MARITTIMA","Prima Divisione Femminile - Girone A / Giornata 22"
"Prima Divisione Femminile","prima_divisione_femminile","Girone A","girone_a","femminile","territoriale",,22,"Gara 129",2026-04-18,09:00:00 PM,"Sab 18/04/2026 21.00","Volley Ponsacco",3,0,"Conad - Volley Project U16","3-0","25/16 25/13 25/22","I Arbitro: Ago Klevis","PALESTRA POLIVALENTE - VIA MELEGNANO - PONSACCO","Prima Divisione Femminile - Girone A / Giornata 22"
"Prima Divisione Femminile","prima_divisione_femminile","Girone A","girone_a","femminile","territoriale",,22,"Gara 130",2026-04-18,06:30:00 PM,"Sab 18/04/2026 18.30","Volley Peccioli Senior",3,0,"Polisportiva Saline","3-0","25/21 25/19 25/20","I Arbitro: Petrucci Mattia","PALESTRA SCUOLA MEDIA - VIA SABATINI, 3 - PECCIOLI","Prima Divisione Femminile - Girone A / Giornata 22"
"Prima Divisione Femminile","prima_divisione_femminile","Girone A","girone_a","femminile","territoriale",,22,"Gara 131",2026-04-18,09:00:00 PM,"Sab 18/04/2026 21.00","Polisportiva Vicarello",3,0,"Folgore San Miniato","3-0","25/18 25/23 25/23","I Arbitro: Biniaszewski Ernest","PALESTRA COMUNALE B. VERENINI - PIAZZA DON MILANI, 5 - COLLESALVETTI","Prima Divisione Femminile - Girone A / Giornata 22"
"Prima Divisione Femminile","prima_divisione_femminile","Girone A","girone_a","femminile","territoriale",,22,"Gara 132",2026-04-18,06:30:00 PM,"Sab 18/04/2026 18.30","Polisportiva Monteserra",3,1,"Bellaria Cappuccini Volley 1d Verde","3-1","25/20 25/20 18/25 25/22","I Arbitro: Rossano Domenico","SCUOLA MEDIA D. D'AOSTA - via fucini 48 s. frediano a settimo cascina - CASCINA","Prima Divisione Femminile - Girone A / Giornata 22"
